Vishal,950,S.V Aacharya,Maharashtra,vishal@gmail.com
Vaibhav,934,R.J School,Gujrat,vaibhav@gmail.com
Dhananjay,970,NBBYS,Gujrat,channo@yaoo.com
Sagar,967,R.J School,Kerala,saggy@gamil.com
Kiran,980,NBBYS,Maharashtra,kiran@yahoo.com
Sujata,960,S.V Aacharya,Kerala,suja@yahoo.com
Minal,953,NBBYS,Gujrat,minal@gmail.com
Ritu,960,R.J School,Kerala,ritu@gmail.com
Nikita,920,SSHC,Maharashtra,niks@yahoo.com
Amit,940,R.J School,Gujrat,amit@gmail.com
Sijin,980,SSHC,Gujrat,sijin@gmail.com
Jigar,932,S.V Aacharya,Kerala,jigar@yahoo.com
Tushar,968,SSHC,Kerala,tushar@yahoo.com
Romesh,955,NBBYS,Maharashtra,romesh@gmail.com
Ajay,945,R.J School,Kerala,ajay@hotmail.com
Jyoti,986,S.V Aacharya,Gujrat,jyo@hotmail.com
Tanmay,955,NBBYS,Kerala,tanu@gmail.com
Ganesh,990,R.J School,Maharashtra,ganu@gmail.com
Mangesh,938,NBBYS,Gujrat,manu@yahoo.com
Neeti,966,S.V Aacharya,Maharashtra,neeti@gmail.com
